,coefficient,testing_word_freq
news,0.006538706548344673,167
û_,0.004884505286649401,125
california,0.0042683919687439755,42
fires,0.003613369920898325,30
mh370,0.003499409525862159,50
hiroshima,0.0034885367242573585,63
amp,0.003435864545326976,96
disaster,0.0034101841360683577,40
suicide,0.003390462378473281,29
train,0.003267514548655089,31
wildfire,0.0032161074095717846,31
families,0.0030119495041301546,40
just,0.002872819174597437,87
people,0.0028127285107715796,58
nuclear,0.002793051634203574,45
northern,0.0027450893452937086,22
accident,0.0026764743071076994,42
crash,0.0026641960261359066,40
homes,0.002661417005771049,22
emergency,0.002661376042141814,46
storm,0.002657693173736173,26
world,0.0024740185052828734,60
buildings,0.0024307567960274996,23
watch,0.002423961860811412,39
pm,0.00242190742684478,24
attack,0.002379671715918366,27
japan,0.0023587719863002927,44
malaysia,0.002353222419389955,25
typhoon,0.002332056655842904,17
bombing,0.0023234554146705617,19
video,0.0022973996643978695,48
police,0.0022472248089487816,28
legionnaires,0.002174386025076884,23
drought,0.002135713709643889,27
dead,0.0021318399364002307,24
death,0.0020954945087695936,22
wreckage,0.0020940500958191357,16
like,0.002093157602874877,80
car,0.002088360271987904,22
don,0.002058732499483438,53
collapse,0.002040367627274524,16
bomb,0.002039502939173437,27
confirmed,0.002032904465357196,16
missing,0.002030934390656961,16
collided,0.0020274979581548854,19
atomic,0.001996753123524362,20
killed,0.001995193968356857,27
latest,0.0019862755915178634,17
water,0.0019686185869968293,22
weather,0.0019230824304422801,24
heat,0.001922381482276756,27
earthquake,0.0019210954701193036,36
man,0.0019010758429113704,33
sandstorm,0.0018578487369207187,14
war,0.0018412742627599943,24
airport,0.0018252942410864744,12
flooding,0.0018182782794977652,27
derailment,0.0018168978870462499,13
terrorist,0.001754213416972893,27
india,0.001740078261209639,36
home,0.0017311919824870303,23
today,0.001730576254111087,26
fatal,0.0016880042312705323,20
mass,0.0016798832361290142,19
wild,0.0016760632093367255,14
razed,0.0016653816861080413,11
obama,0.0016415214232427197,17
outbreak,0.0016403006675471917,16
oil,0.0016381019318643631,24
know,0.0016354285968717829,36
rescuers,0.0016045552709299028,13
investigators,0.001593917484385866,12
debris,0.0015885550910396623,14
floods,0.0015803056252018989,33
2015,0.001578244223792681,23
state,0.0015708769142145722,10
bomber,0.0015579456767286636,13
collision,0.0015533343430612551,9
minute,0.001549488126432284,12
swallowed,0.001549488126432284,9
bridge,0.0015472537915334002,10
burning,0.001542759527637888,24
hurricane,0.0015424316917589719,18
airplane,0.001542300146290095,19
spill,0.0015405897448820172,11
wave,0.0015276684673220682,23
sinkhole,0.0014993361893541049,12
forest,0.0014740315294138177,13
caused,0.0014733138785656896,13
conclusively,0.0014660430149832046,10
40,0.0014635234937149585,15
mumbai,0.0014567251869962781,38
school,0.0014537066082264344,21
refugees,0.001445148903236312,24
terrorism,0.001443238374228218,17
casualties,0.001435209072763808,6
failure,0.0014216204763368655,16
says,0.0014174280249950114,15
injuries,0.0014171984941582993,11
old,0.0014158781048290783,22
saudi,0.00140114599470016,18
bombed,0.0013993969407791326,11
affected,0.0013993637390714816,12
hit,0.0013958895267536155,19
bush,0.0013931372862224923,12
new,0.0013882963578003157,45
70,0.001386708307378228,12
near,0.001377983711046594,11
live,0.0013748448955231728,15
weapons,0.0013736284585325542,10
officials,0.0013623399531150662,10
evacuation,0.0013621921763006769,11
yyc,0.0013602442091588775,36
army,0.0013576137433803034,17
calgary,0.00135738671363295,18
years,0.0013560977622666258,16
soudelor,0.0013486827626199784,7
derailed,0.0013474093541764754,10
area,0.0013233269619827666,13
charged,0.0013227257744800882,12
flames,0.0013201919200434998,13
catastrophic,0.0013072613913984177,8
bus,0.001307207843716235,11
evacuated,0.001306857011668517,9
ûò,0.001304110436508287,13
family,0.001296569293525152,14
flood,0.0012919895916831809,11
service,0.0012850119329459065,10
structural,0.0012837174190097715,15
breaking,0.0012797442175850394,33
migrants,0.0012733035670625845,12
say,0.0012716277806277551,21
sue,0.0012641377105549543,11
health,0.0012631057485804988,28
warning,0.0012610413466280594,10
survivors,0.0012537606643541663,21
island,0.001253685972622872,13
traffic,0.0012515876395877115,24
reunion,0.0012453405207121168,11
injured,0.001239752815968079,13
year,0.0012323060625931376,24
boat,0.0012286152675640045,12
tornado,0.0012271205699983163,11
trauma,0.001224687307856428,8
ll,0.0012185540455496074,20
city,0.001218297349074647,14
murder,0.0012152602509213123,11
snowstorm,0.0012151052047495183,10
bodies,0.0012128156045146195,10
engulfed,0.0012077795668348182,10
israeli,0.00120261395328228,8
fatalities,0.0012002288661969282,12
searching,0.0011926776222467167,10
violent,0.0011892470594152054,8
south,0.0011823233984596857,8
report,0.0011768441260921728,9
thunderstorm,0.0011706872528970934,19
pakistan,0.001167751015217873,21
make,0.0011581599738031427,22
wind,0.0011507620600272072,12
fukushima,0.0011430801663732503,21
electrocuted,0.0011429293328754917,13
11,0.0011423281111455012,16
rt,0.0011350726775691414,38
israel,0.0011275093651007325,15
horror,0.0011253385512344197,9
county,0.0011252725504950322,7
time,0.0011205753928614796,28
far,0.0011128467004595805,12
way,0.0011123678805009106,16
youtube,0.001110897729082588,41
devastated,0.0011094467385240703,13
truck,0.0011034541532049021,10
black,0.0010996115855333992,19
displaced,0.0010924196946108682,9
isis,0.0010920309120845421,23
picking,0.0010898907520839052,8
abc,0.0010865690185865504,7
hostage,0.0010816448737707182,7
day,0.001073158908572261,25
damage,0.0010710373243884358,14
st,0.001069194567340847,17
hot,0.0010673964981866408,113
natural,0.0010601999362045873,10
mosque,0.0010599704242587999,7
times,0.0010589246098186974,13
set,0.0010586462018605683,15
lightning,0.0010585440518552332,10
govt,0.001058247870694735,8
west,0.001058247870694735,6
landslide,0.0010535638506690194,20
bioterrorism,0.001049445859347857,14
house,0.0010462164069007698,9
looks,0.0010447648784798387,13
global,0.0010360037463211804,15
ok,0.001033037863948057,19
myanmar,0.0010324127591169055,14
plan,0.0010318451845804288,10
hundreds,0.00103031416735677,10
history,0.0010291127403508759,16
right,0.0010214291425125386,17
called,0.0010195400308395655,9
deaths,0.0010188649866113568,6
projected,0.0010178840241894718,6
flight,0.0010112785846523506,6
murderer,0.0010078932271380297,10
express,0.0010014854750613443,6
released,0.0010013602369229884,12
half,0.0010006110224634725,11
boy,0.0009988001023017075,14
east,0.0009943014052817274,6
early,0.0009876447139235281,8
shipping,0.0009852861047043805,12
pkk,0.0009848069069750324,7
carrying,0.0009781532944633912,6
taiwan,0.00097771930526947,12
vehicle,0.0009747031333619652,10
crush,0.0009726681570311575,16
summer,0.0009690777685393639,20
update,0.0009680405764221794,9
disea,0.0009676633282165314,8
wreck,0.0009606527917823591,14
hostages,0.0009594907797414935,9
arson,0.0009594303764181708,7
victim,0.0009562119548451963,5
hail,0.0009533957566008066,10
movie,0.0009487627873837873,22
sinking,0.0009474150111693728,15
kills,0.0009455924845617553,6
turkish,0.0009443315240329694,24
exploded,0.0009441038947594094,14
shot,0.0009425646237034722,6
mudslide,0.0009422509877514275,20
landing,0.0009410966689122539,6
women,0.0009352063705816627,14
came,0.000933701297267365,11
galactic,0.0009330361662128326,7
virgin,0.0009330361662128326,7
massacre,0.0009323601786164388,6
tragedy,0.0009301887872252569,17
got,0.0009290746874790633,24
palestine,0.0009284537773594986,11
look,0.0009243141892538872,18
10,0.0009224840617505425,10
control,0.0009206409945281385,6
kill,0.000920171037743725,10
poor,0.0009163791118598144,5
photo,0.0009163791118598144,10
burn,0.0009154944259017396,4
declares,0.0009144223645593788,8
saipan,0.0009144223645593788,8
sismo,0.0009139688271624517,27
rainstorm,0.0009117113334403433,15
hazard,0.0009113026580899072,7
think,0.0009105433598275633,19
philippines,0.0009053145033906862,12
giant,0.0009051632049360321,6
signs,0.0009050840281211464,8
reuters,0.0009032308137672721,12
russia,0.000902121432739563,13
hazardous,0.0009016891840276657,7
hailstorm,0.0009002511905803217,21
hijack,0.0008986286731870414,6
hijacker,0.0008978324962497316,10
governor,0.0008978324962497316,6
parole,0.0008978324962497316,7
riot,0.0008967892182993811,30
destroyed,0.0008964771732286866,11
mp,0.0008928930404989258,6
wounded,0.000892550237233367,9
entire,0.0008914738779809454,8
severe,0.0008882493606171221,7
reactor,0.000888086498693894,9
watching,0.0008877074256033655,8
story,0.0008861585347854687,6
stop,0.0008860680456036943,13
attacked,0.0008843314379159419,7
annihilation,0.0008805119703822589,6
gunman,0.0008804807958982636,5
toddler,0.0008798019969111085,7
gt,0.0008792141486389081,24
fear,0.0008787481622556625,16
devastation,0.0008769538829184767,9
coaches,0.0008738558718412071,6
palestinian,0.0008718398144564048,12
young,0.0008708416728886673,4
line,0.0008693504887890451,6
rioting,0.0008688000087048878,7
ûª,0.0008686010202164754,5
windstorm,0.0008640557681962969,7
refugio,0.0008637037189452545,5
bigger,0.0008637037189452545,5
costlier,0.0008637037189452545,5
nigerian,0.0008599728397968121,4
crews,0.0008597109935979437,5
plans,0.0008586168759328205,5
little,0.0008578575776704774,11
cyclone,0.0008573944605686321,6
horrible,0.0008548972672889184,17
outside,0.0008547174317580653,7
services,0.0008542402002518722,12
la,0.0008534703073064217,7
airlines,0.0008534703073064217,5
america,0.0008521364652863077,7
ave,0.000847957474548014,4
christian,0.0008433342191538319,5
middle,0.0008428810207781065,9
issues,0.0008407451693578504,7
help,0.0008378516790433666,14
pilot,0.0008373798591873283,5
security,0.0008365705451981579,6
major,0.0008361246898111563,7
best,0.0008324868667447475,115
prebreak,0.0008324868667447475,108
alberta,0.0008321307944642231,11
lives,0.0008304088142370079,7
deluge,0.0008303242627668999,11
desolate,0.0008303242627668999,9
thought,0.0008303242627668999,7
members,0.0008263419266621154,5
died,0.0008260011414671788,5
said,0.0008228744661769514,13
village,0.0008226212502653747,6
bioterror,0.0008213146192135827,7
fedex,0.0008213146192135827,8
florida,0.0008212989836117817,19
genocide,0.0008212989836117817,27
fears,0.0008210453655915963,6
ago,0.0008200709571242187,11
air,0.0008200294069598805,8
reports,0.0008192726300917238,5
road,0.0008184878517869407,6
militants,0.0008182849431566697,6
going,0.0008178457804162566,19
crisis,0.0008177864433878715,4
trapped,0.000815044004752905,12
game,0.0008143913837918026,11
fight,0.0008143535852528018,8
potential,0.0008119113788016194,5
bloody,0.0008117455949415596,10
save,0.0008094286807859455,16
victims,0.0008077648336138234,4
phone,0.0008070609913357187,10
action,0.0008070609913357187,5
volcano,0.000805390376242143,13
aug,0.0008036181730811666,5
food,0.0008025730423633869,10
ûªs,0.0008007430302049028,14
trains,0.0008007395266424239,6
states,0.0007993037381971751,4
injury,0.0007990704579574066,9
ship,0.0007971341500999105,7
youth,0.000796205296628025,9
work,0.0007939602298674544,13
aircraft,0.0007929104042532648,5
comes,0.0007901952386210201,6
declaration,0.0007885346724810826,7
plane,0.00078632785887046,6
good,0.0007844657822877802,20
manslaughter,0.0007838963694869238,7
weapon,0.0007837328589646459,11
use,0.0007836690590313361,9
smoke,0.000783532483828244,11
british,0.0007830731666438173,8
turkey,0.0007828107453282472,5
face,0.000782149249258469,13
shit,0.0007809741290744475,11
related,0.000778685486239768,4
falls,0.0007781798733722215,4
training,0.0007781798733722215,4
rly,0.0007763436848588618,5
recount,0.0007763436848588618,5
heart,0.0007760553172584125,13
large,0.0007743032578630452,9
sunk,0.0007735590167430339,13
allows,0.0007719448041714353,5
whirlwind,0.0007664606892839218,11
group,0.0007663196926710727,8
16yr,0.0007659449926135481,5
detonated,0.0007659449926135481,5
rain,0.0007639542707931231,6
thing,0.0007631120806007499,14
ready,0.0007619618931709745,5
hope,0.0007618894672552577,13
alarm,0.0007603212361300473,5
heavy,0.0007595830449137147,14
cnn,0.0007580998044601999,13
05,0.0007549525700898199,8
15,0.0007546223577562156,7
seismic,0.000754243397158103,8
wall,0.000753638501631306,7
anniversary,0.0007535723124942552,8
white,0.0007534408141708707,6
second,0.0007510967153519516,6
days,0.0007510160444450867,8
cranes,0.0007509828996918149,4
possible,0.0007509828996918149,6
central,0.0007497098057036183,5
bbc,0.0007487614680219684,14
attacks,0.0007487614680219684,5
record,0.0007468376131503958,4
16,0.0007464564238439616,9
suspected,0.0007459751822131212,4
metro,0.0007452182608882746,5
low,0.000744803286475268,8
bombings,0.0007444483679428244,4
brooklyn,0.0007444483679428244,3
nagasaki,0.0007444483679428244,4
effects,0.0007444483679428244,6
felt,0.0007444483679428244,4
nearby,0.0007435325229816603,7
survived,0.0007426089130551639,9
meeting,0.0007423372639493364,5
national,0.0007422324372864045,5
terrorists,0.0007408451049285679,3
evacuate,0.0007408451049285679,9
post,0.0007391289207409118,9
gun,0.0007383470303868396,6
info,0.0007382293432266846,6
price,0.000738168076118001,5
london,0.000738168076118001,5
zone,0.0007380376910265,10
georgia,0.0007372935727367281,4
manchester,0.0007363374857144102,11
close,0.0007360429052441939,4
jamaica,0.0007359271398107447,12
homeless,0.0007352659403959634,12
firefighters,0.0007342309626372528,5
power,0.0007337758083581761,9
strong,0.0007336292761293696,5
rise,0.0007332705766169323,5
abcnews,0.0007325458205748094,11
follow,0.0007317858507461263,12
stay,0.0007312904317477939,6
sure,0.0007288297396797695,10
land,0.000728517353467742,9
high,0.0007279655526068276,11
mount,0.0007267848635137677,4
battle,0.000726703546360786,7
building,0.0007263062744857062,9
millions,0.0007257431603404652,4
denver,0.0007224475143078946,19
12000,0.0007220697824697177,3
cameroon,0.0007220697824697177,3
repatriated,0.0007220697824697177,3
squad,0.0007220053178341204,11
reason,0.0007218079362708489,8
mexico,0.0007213023234033028,3
funds,0.0007207521298624416,11
dies,0.0007194700909265707,6
sad,0.0007184702678317131,12
come,0.0007183028607234477,19
20,0.0007181832455568435,8
collapsed,0.0007169933286998099,12
image,0.0007169933286998099,4
pilots,0.0007169933286998099,3
street,0.0007169933286998099,4
rd,0.000715907704256524,4
eye,0.000715770248633334,14
pradesh,0.0007147813303010985,5
madhya,0.0007147813303010985,5
really,0.0007143162998892432,19
tracks,0.0007143162998892432,4
involving,0.0007106558292803766,5
tonight,0.0007102148619806241,11
isn,0.0007100544172209191,5
municipal,0.0007097128614478216,4
crazy,0.0007094659124233432,5
wanna,0.0007057289177642846,15
caught,0.0007057289177642846,5
calls,0.0007049779634510115,3
using,0.0007049779634510115,4
saved,0.000704521122158711,9
lot,0.0007044365706886039,11
omg,0.0007033476792417069,12
kidnapped,0.0007032308432225568,3
site,0.0007032054525702215,5
media,0.0007025069764700689,6
wwii,0.0007022176615841126,7
wonder,0.0007007160807826877,4
photos,0.0007007160807826877,7
scene,0.0007004542345838189,3
event,0.0006988512733940772,5
told,0.0006980390519721209,8
child,0.0006974505471745446,6
job,0.0006974505471745446,25
country,0.0006961440180323665,6
township,0.0006946620190133046,3
did,0.0006943779432355476,24
expect,0.0006940387521563055,5
claims,0.0006937716146411865,4
china,0.0006912154779737587,11
relief,0.0006911375514442197,4
derail,0.0006894648541828254,11
shelter,0.0006888835132461221,6
drones,0.0006887007155338891,3
indian,0.0006887007155338891,3
incident,0.0006887007155338891,3
green,0.0006887007155338891,6
woman,0.0006881122107363131,7
dust,0.0006869535953054342,8
destruction,0.000686023686723323,20
stops,0.000686023686723323,4
pathogens,0.000686023686723323,3
saw,0.000682960055108014,8
50,0.0006818771415355265,5
hear,0.000681678912124969,6
forced,0.000681678912124969,4
08,0.0006809384768980388,8
read,0.0006805847944598459,15
girl,0.0006805847944598459,9
body,0.0006805847944598459,34
bagging,0.0006805847944598459,10
detonate,0.0006805847944598459,9
iran,0.0006804700158539594,15
00,0.00067960950194976,7
cars,0.000676879101226942,3
reality,0.0006766853502850909,3
famine,0.0006766853502850909,4
happened,0.0006766432320159762,5
act,0.0006749382300566363,4
shooting,0.0006749382300566363,4
theater,0.0006743497252590595,3
ft,0.0006738243769812987,3
hand,0.0006733375186303807,5
pain,0.0006721484852765351,10
share,0.0006720583882234778,5
local,0.0006718349628191905,3
takes,0.0006718349628191905,5
25,0.0006697305547707649,5
spring,0.0006696635468761705,3
smh,0.0006691579340086242,6
extreme,0.0006690750420785944,3
budget,0.0006673470138468594,3
jewish,0.0006655998936184042,3
approaches,0.0006655998936184042,3
drowning,0.0006644247734343832,9
houses,0.0006643075465427236,3
destroy,0.0006643075465427236,17
thursday,0.0006636047766980346,6
30,0.0006615031110887278,10
orders,0.0006611674006303117,3
region,0.0006611674006303117,3
demolition,0.0006602734339666391,17
feel,0.0006580086774086274,15
holding,0.0006580086774086274,5
heard,0.0006576752054668574,8
trench,0.0006569230532499504,4
life,0.0006532423343406775,23
areas,0.0006530680986590991,4
explosion,0.0006527977941614718,10
north,0.0006523193639715473,6
bring,0.0006522921812939251,8
picture,0.0006522921812939251,4
uk,0.0006522921812939251,13
ca,0.0006522921812939251,6
listen,0.000650958567078837,25
ûïwhen,0.0006504559927805656,4
plunging,0.0006504559927805656,4
issued,0.0006501556866481027,4
warming,0.0006483098451891402,3
spaceship,0.0006477024856329688,4
need,0.0006453401116151933,10
washington,0.0006448457134758371,5
sunday,0.0006443016479156133,5
leading,0.0006443016479156133,4
ppl,0.0006442461919313742,6
passengers,0.0006438572546353583,4
disease,0.0006431694035828105,5
planned,0.0006429538448556935,4
august,0.0006426631916688326,8
goes,0.0006424659424310088,9
context,0.0006405729972056254,3
edt,0.0006398979654119179,4
moving,0.0006398220428923528,3
office,0.0006398136989432821,3
australia,0.000638769180855144,12
cases,0.0006386844934535776,4
southern,0.000638066578714827,3
escape,0.0006375211521663771,6
avalanche,0.0006370622967496456,21
thousands,0.0006367187756549074,5
centre,0.0006362444642135154,6
marks,0.0006348837185536406,4
av,0.0006345743835513727,3
flag,0.0006334012337629198,4
motorcycle,0.0006319453335247485,4
past,0.000629272676531422,6
blizzard,0.0006291913593784406,5
peace,0.0006281007906645268,6
lowndes,0.0006276831285755539,3
buses,0.0006276831285755539,3
thunder,0.0006261886945138865,28
crime,0.0006260512134660288,3
free,0.0006260512134660288,17
islamic,0.0006252090232736553,3
hospital,0.0006242957492885032,4
owner,0.0006242957492885032,3
stopped,0.0006242957492885032,4
things,0.0006228886092001983,12
forecast,0.0006220735087372814,3
leave,0.0006207765302855634,8
hijacking,0.0006198304385415367,11
hits,0.0006180020666418873,3
kids,0.0006176816069971883,9
arrested,0.0006167212209768678,4
crushed,0.0006167212209768678,9
outlook,0.0006167212209768678,3
mediterran,0.0006167212209768678,3
med,0.000614511239245653,4
lost,0.0006123620328047194,4
recently,0.0006122803840397051,3
center,0.0006122803840397051,3
21,0.0006122803840397051,6
research,0.0006122803840397051,4
annihilated,0.0006122803840397051,10
run,0.000611928334788662,20
property,0.0006115943337001636,4
pond,0.0006114058806584317,3
swallows,0.0006114058806584317,3
jackson,0.0006111647188254427,11
river,0.000611089347247553,4
shape,0.000610733066277647,12
gbbo,0.0006093782483176673,37
marians,0.0006085825970183066,4
moment,0.0006078689591175648,4
rock,0.0006076230284694917,12
eyes,0.00060731520356118,9
morning,0.00060731520356118,8
worst,0.0006069085730972443,5
french,0.0006065016097861009,4
experts,0.0006060946464749575,5
pantherattack,0.0006058981586678301,27
end,0.000605402739669498,8
accidentally,0.0006029503915505438,4
casualty,0.0006029420476014732,14
place,0.0006029420476014732,6
true,0.0006029420476014732,4
islam,0.0006025360445441201,36
wednesday,0.0006025032653010545,3
started,0.0006016338899167788,6
muslims,0.0006008971714354712,3
pamela,0.0006008971714354712,3
waving,0.0006008971714354712,3
temple,0.0006008971714354712,4
geller,0.0006008971714354712,3
wrecked,0.0006004439730597455,7
shift,0.0006004439730597455,3
upheaval,0.0006004439730597455,5
coming,0.0006004439730597455,7
fuck,0.0006004439730597455,8
insane,0.0006004439730597455,3
battling,0.0006004439730597455,3
loud,0.0006004185824074103,15
children,0.0005975025556815565,6
ambulance,0.0005960644032312661,8
brakes,0.0005936942910682977,3
blasts,0.0005935823988482746,3
causing,0.0005934850371064711,6
memories,0.0005931957222205151,5
triple,0.0005927355494814839,3
bay,0.0005925571650424452,4
bombs,0.0005924010251896128,3
making,0.0005916929195711304,5
officer,0.0005916262536336585,5
reported,0.000589645548507466,3
motor,0.000589645548507466,4
lt,0.0005887665177915114,8
abandoned,0.0005887320113823741,4
date,0.0005885369869547989,6
problems,0.0005884286078109472,4
happening,0.0005884286078109472,4
win,0.0005884286078109472,7
rubble,0.0005884286078109472,8
does,0.0005866746838950287,11
town,0.0005848083362448113,6
student,0.0005841667251426228,3
gets,0.0005841667251426228,9
miners,0.0005841667251426228,10
downtown,0.0005841667251426228,3
chief,0.0005841667251426228,6
hollywood,0.0005841667251426228,10
yes,0.0005841667251426228,5
source,0.0005841667251426228,3
law,0.0005841667251426228,4
government,0.0005839265322423872,5
went,0.0005839048789437545,11
bin,0.0005838573857822832,3
amid,0.0005825659285959159,3
beat,0.0005821951717973107,6
reddit,0.0005821010625932728,30
content,0.0005821010625932728,21
policy,0.0005821010625932728,16
search,0.0005812598594699793,4
united,0.0005812598594699793,4
points,0.0005793669142445964,3
following,0.0005793669142445964,3
response,0.0005790902713727153,3
great,0.0005790902713727153,14
fighting,0.0005790902713727153,4
thanks,0.0005790902713727153,8
cause,0.0005790902713727153,8
piece,0.0005790902713727153,3
actually,0.0005790902713727153,8
29,0.0005790761447764865,5
love,0.0005772145093019248,23
toll,0.0005763299695058163,3
examining,0.000574457515375268,4
double,0.0005739633840960114,6
helping,0.0005725429567772083,5
helicopter,0.0005724892698743895,3
change,0.0005721513598938249,8
shut,0.0005721513598938249,3
months,0.0005721513598938249,4
arriving,0.0005721513598938249,3
long,0.0005721513598938249,12
fast,0.0005721513598938249,8
bc,0.0005721513598938249,5
small,0.0005721092416247098,5
feed,0.0005715628550962485,5
believe,0.0005704580126541367,7
suspect,0.0005702725519466283,4
transport,0.0005695392350569899,6
terror,0.000569097488456207,3
innocent,0.0005685518452558199,11
rescued,0.0005662057887487635,9
non,0.0005660110592312791,3
till,0.0005655542813225131,7
blown,0.0005653277858954619,11
sent,0.0005653277858954619,3
07,0.0005638340291122137,7
apparently,0.0005628130234555926,3
quiz,0.0005628130234555926,5
totally,0.0005628130234555926,3
political,0.0005628130234555926,4
sadly,0.0005628130234555926,3
self,0.0005628130234555926,12
seek,0.0005627337910779399,3
away,0.0005608968331689774,11
russian,0.0005601359946450263,13
gonna,0.0005601359946450263,5
box,0.0005601359946450263,4
playing,0.0005601359946450263,4
team,0.0005601359946450263,15
bank,0.0005601359946450263,4
australian,0.0005601359946450263,3
hard,0.0005600531027149964,5
words,0.0005600531027149964,5
nc,0.0005583209862183406,11
blast,0.0005569604329467494,9
stretcher,0.0005566417347945504,5
parts,0.0005564987218771539,3
1st,0.000556135694829211,8
twitter,0.0005555151380158384,7
abuse,0.0005552856071791259,4
safe,0.0005552856071791259,3
petition,0.0005552856071791259,4
public,0.0005552856071791259,3
hearing,0.0005552856071791259,4
huge,0.0005552856071791259,3
guys,0.0005552856071791259,7
italian,0.0005549463617517646,11
arabia,0.0005510841852893538,3
thank,0.0005507976582067945,7
human,0.0005507976582067945,4
baby,0.0005507976582067945,7
texas,0.0005507976582067945,3
week,0.0005503882507391349,11
cross,0.00054905053797834,11
blow,0.00054905053797834,3
working,0.00054905053797834,6
charles,0.0005480647613056837,3
rocks,0.0005477660883603713,3
va,0.0005473130740398488,3
udhampur,0.0005468660419249978,3
spos,0.0005468660419249978,3
order,0.0005437758547978743,6
chemical,0.0005437758547978743,15
driver,0.0005437758547978743,4
estimate,0.0005437758547978743,3
liked,0.0005432702419303277,16
eyewitness,0.0005432702419303277,5
finds,0.0005432702419303277,3
sick,0.0005421592830025214,3
sounds,0.0005414593217685627,5
pass,0.0005414593217685627,4
cinema,0.0005392378900987161,3
seconds,0.0005392378900987161,3
false,0.0005392378900987161,4
winds,0.0005370351727295413,3
agree,0.0005370351727295413,5
humanity,0.0005370351727295413,3
worse,0.0005370351727295413,4
ships,0.0005370351727295413,3
wrought,0.0005360711437926459,3
gas,0.0005352797085520158,11
inundated,0.0005352797085520158,9
tomorrow,0.0005339319054920957,5
commit,0.0005339319054920957,3
chicago,0.0005339319054920957,5
american,0.0005317875133885615,3
looked,0.000531760489549076,3
12,0.0005286765075315405,7
dramatic,0.0005276968362913099,3
shows,0.0005276968362913099,6
let,0.0005276968362913099,19
meltdown,0.0005272225248499179,10
hour,0.0005272225248499179,3
couple,0.0005272225248499179,7
triggered,0.0005264044892156291,3
2nd,0.0005264044892156291,3
threat,0.0005264044892156291,3
tank,0.0005264044892156291,3
idea,0.0005264044892156291,4
internet,0.0005264044892156291,12
bleeding,0.0005264044892156291,6
cave,0.0005264044892156291,3
damn,0.0005264044892156291,8
terrible,0.0005258820350853991,3
70th,0.000525861779190043,3
radio,0.0005250708750005401,32
mad,0.0005232643433032176,3
magic,0.0005232643433032176,3
fact,0.0005232643433032176,5
god,0.0005232643433032176,21
quarantined,0.0005224221531108443,6
600,0.00052173204139004,4
giving,0.0005201694200148428,3
visit,0.0005201694200148428,3
responders,0.0005201694200148428,6
slow,0.0005201694200148428,3
build,0.0005197721481397631,5
internally,0.0005194524195368969,3
party,0.0005192640434874021,3
tell,0.000517884188411686,6
dangerous,0.000517884188411686,4
ûªt,0.000517884188411686,6
flash,0.0005167389890056988,4
harm,0.0005166611422827423,7
cycling,0.0005148947368343774,3
loose,0.0005148947368343774,6
usually,0.0005148947368343774,3
democracy,0.0005139343508140564,4
hell,0.0005138666698366004,7
iphone,0.0005129544227403325,19
nws,0.0005108601921914247,3
syrian,0.0005103567721352192,14
friends,0.0005103567721352192,4
cost,0.0005103567721352192,3
instead,0.0005103567721352192,8
download,0.0005083971871433218,13
fat,0.0005063985905885188,3
france,0.0005037147396232897,4
begin,0.0005037147396232897,3
ass,0.0005029063954250641,14
bang,0.0005029063954250641,14
authorities,0.0005003710338683972,3
expected,0.0005001635213877326,4
head,0.0004988470197539675,14
ûï,0.0004988470197539675,5
film,0.0004988470197539675,5
humidity,0.0004966713262242781,3
100,0.0004966713262242781,9
deal,0.0004963878899528829,7
test,0.0004957922955083238,5
brown,0.0004957922955083238,9
apollo,0.0004957922955083238,7
demolished,0.0004943090550548095,5
24,0.0004937037617368262,5
google,0.0004913966430438126,3
effect,0.0004913966430438126,7
losses,0.0004906654082316199,3
cut,0.0004903508735081091,3
lying,0.0004903508735081091,3
bullets,0.0004882856371867919,3
ve,0.000486474340726423,17
forever,0.0004863926919614084,12
real,0.0004863926919614084,10
scale,0.0004863926919614084,3
im,0.0004863926919614084,17
standard,0.0004863926919614084,6
literally,0.0004863926919614084,4
hello,0.0004863926919614084,3
having,0.0004863926919614084,5
secret,0.0004863926919614084,5
swim,0.0004863926919614084,4
tax,0.0004863926919614084,3
drown,0.0004863926919614084,8
explode,0.0004863926919614084,10
money,0.0004863926919614084,13
different,0.0004863926919614084,4
compliant,0.0004863926919614084,3
break,0.0004863926919614084,4
automatic,0.0004863926919614084,3
actual,0.0004863926919614084,4
sir,0.0004863926919614084,3
left,0.0004850304246462414,5
deep,0.00048374767248763397,7
sh,0.00048318464394853073,3
unlocked,0.0004829004967979539,3
light,0.00048095320004149194,6
inside,0.00048011064203576045,6
structure,0.00047971007201877663,3
campus,0.00047971007201877663,3
rubber,0.00047971007201877663,4
gotta,0.0004796194303895489,5
dogs,0.0004794083016344997,13
lion,0.0004794083016344997,4
13,0.00047913501934152236,5
military,0.0004789498271550493,41
thunderstorms,0.00047876773014297685,3
care,0.0004771017659729167,9
utc,0.00047684338855053914,3
wake,0.0004759765182004276,5
relatives,0.0004745908820014208,3
pic,0.0004709746086835754,6
point,0.00047019709280930093,3
potus,0.0004678409645503583,6
trying,0.00046730803014221874,7
total,0.00046693446190625084,4
extremely,0.00046584458616247206,4
tree,0.0004644855481456513,3
problem,0.0004638110398817672,8
occurred,0.00046308090307328606,4
number,0.0004625409157326509,3
pulling,0.0004625409157326509,3
tsunami,0.0004625409157326509,8
direction,0.0004625409157326509,3
business,0.0004625409157326509,3
concert,0.0004625409157326509,11
niggas,0.0004625409157326509,3
companies,0.0004625409157326509,3
drowned,0.0004625409157326509,5
tired,0.0004625409157326509,5
want,0.0004625409157326509,13
japanese,0.0004625409157326509,5
sit,0.0004625409157326509,7
steve,0.0004625409157326509,3
insurance,0.0004625409157326509,4
bed,0.0004625409157326509,6
happens,0.0004625409157326509,3
maybe,0.0004625409157326509,7
start,0.0004625409157326509,8
arsonist,0.0004625409157326509,6
panicking,0.0004625409157326509,12
room,0.0004625409157326509,3
meek,0.0004625409157326509,3
tears,0.0004625409157326509,4
06,0.0004585548670548328,4
32,0.0004585548670548328,3
crashed,0.00045796969370398685,5
late,0.00045759612546801917,3
putin,0.00045759612546801917,3
nearly,0.0004574140284559469,4
information,0.0004569809483724966,6
updates,0.0004538292209136737,3
waves,0.00045363476804852144,9
nyc,0.0004504422774275198,3
rail,0.00044877492669291927,3
taken,0.00044870050372585894,5
fox,0.0004473331799995588,3
rules,0.0004462636678155284,5
2014,0.0004462636678155284,3
bedroom,0.0004462636678155284,3
wanted,0.0004462636678155284,5
33,0.0004462636678155284,4
wow,0.0004462636678155284,6
won,0.0004462636678155284,6
blue,0.0004462636678155284,7
recommend,0.0004462636678155284,3
bar,0.0004462636678155284,3
wants,0.0004462636678155284,4
thoughts,0.0004462636678155284,3
cell,0.0004462636678155284,3
vine,0.0004462636678155284,3
ladies,0.0004462636678155284,4
paper,0.0004462636678155284,3
starring,0.0004462636678155284,4
starts,0.0004462636678155284,3
lord,0.0004462636678155284,6
sexual,0.0004462636678155284,3
subject,0.0004462636678155284,3
guy,0.0004462636678155284,3
mean,0.0004462636678155284,5
fucking,0.0004462636678155284,16
fucked,0.0004462636678155284,3
ford,0.0004462636678155284,3
flip,0.0004462636678155284,3
favorite,0.0004462636678155284,3
fatality,0.0004462636678155284,5
month,0.0004462636678155284,4
deluged,0.0004462636678155284,5
salem,0.0004462636678155284,3
trouble,0.0004462636678155284,11
try,0.0004462636678155284,7
curfew,0.0004462636678155284,11
cool,0.0004462636678155284,6
prepared,0.0004462636678155284,3
chile,0.0004462636678155284,14
sea,0.00044418250428402567,3
deadly,0.0004440188321772388,3
lab,0.00044365154297869357,4
anthrax,0.00044365154297869357,3
mishaps,0.00044365154297869357,3
longer,0.00044365154297869357,6
germs,0.00044365154297869357,4
tyre,0.0004393192016740276,3
dry,0.00043837685979822814,4
amazon,0.00043611004304970104,3
repair,0.0004347812369748696,3
ahead,0.0004345862125472947,6
okay,0.00043424830256673,3
stock,0.00043424830256673,9
market,0.00043424830256673,9
markets,0.00043424830256673,11
matter,0.00043424830256673,3
usa,0.00043424830256673,11
cops,0.00043424830256673,3
girls,0.00043424830256673,3
covered,0.00043424830256673,3
crossed,0.00043424830256673,3
gems,0.00043424830256673,6
blazing,0.00043424830256673,5
travel,0.00043424830256673,5
metal,0.00043424830256673,12
games,0.00043424830256673,3
screams,0.00043424830256673,13
feeling,0.00043424830256673,6
fan,0.00043424830256673,6
maintenance,0.00043424830256673,3
playlist,0.00043424830256673,4
sex,0.00043424830256673,3
97,0.00043424830256673,3
racist,0.00043424830256673,3
kid,0.00043424830256673,3
added,0.00043424830256673,6
program,0.00043424830256673,3
anymore,0.00043424830256673,3
big,0.00043424830256673,8
word,0.00043424830256673,3
fashion,0.00043424830256673,47
perfect,0.00043424830256673,4
23,0.0004312236254451534,3
case,0.00042490996612849823,3
catastrophe,0.00042490996612849823,7
drive,0.00042490996612849823,7
books,0.00042490996612849823,3
hours,0.00042490996612849823,4
screamed,0.00042490996612849823,9
quickly,0.00042490996612849823,3
aba,0.00042490996612849823,3
pandemonium,0.00042490996612849823,16
department,0.00042490996612849823,5
delivers,0.00042490996612849823,3
sirens,0.00042490996612849823,4
hey,0.00042490996612849823,9
mention,0.00042490996612849823,3
online,0.00042490996612849823,4
pray,0.00042490996612849823,3
understand,0.00042490996612849823,4
armageddon,0.00042490996612849823,15
play,0.00042490996612849823,14
weekend,0.00042490996612849823,4
beautiful,0.00042490996612849823,7
internal,0.00042490996612849823,3
risk,0.0004207983819192337,3
issue,0.00041738254985203163,4
hellfire,0.00041738254985203163,16
stage,0.00041738254985203163,3
david,0.00041738254985203163,3
charity,0.00041738254985203163,12
wedding,0.00041738254985203163,15
earlier,0.00041738254985203163,5
dog,0.00041738254985203163,6
discovered,0.00041738254985203163,4
burned,0.00041738254985203163,9
asking,0.00041738254985203163,3
newlyweds,0.00041738254985203163,3
dont,0.00041664918938044844,13
walk,0.0004111474806512451,3
cable,0.0004111474806512451,5
bout,0.0004111474806512451,3
star,0.0004111474806512451,4
fall,0.0004111474806512451,9
tho,0.0004111474806512451,6
remember,0.0004111474806512451,5
absolutely,0.0004111474806512451,3
soon,0.0004111474806512451,4
slowly,0.0004111474806512451,3
space,0.0004111474806512451,4
hate,0.0004111474806512451,3
links,0.0004111474806512451,3
transit,0.0004111474806512451,3
seen,0.0004111474806512451,4
cliff,0.0004111474806512451,8
hair,0.0004111474806512451,5
ur,0.0004111474806512451,8
dream,0.0004111474806512451,4
feels,0.0004111474806512451,5
flattened,0.0004111474806512451,15
sitting,0.0004058727974707797,4
ablaze,0.0004058727974707797,7
stories,0.0004058727974707797,4
traumatised,0.0004058727974707797,9
cruz,0.0004058727974707797,3
chance,0.0004058727974707797,6
special,0.0004058727974707797,4
subreddits,0.0004058727974707797,5
combined,0.0004058727974707797,3
banned,0.0004058727974707797,6
ûó,0.0004058727974707797,6
miss,0.0004058727974707797,7
link,0.0004058727974707797,4
played,0.0004058727974707797,5
mr,0.0004058727974707797,3
season,0.0004058727974707797,3
lol,0.0004058727974707797,14
rains,0.0004058727974707797,3
proof,0.00040133483277162156,4
electronic,0.00040133483277162156,4
resistant,0.00040133483277162156,3
couples,0.00040133483277162156,3
detonation,0.00040133483277162156,12
da,0.00040133483277162156,4
mountaineering,0.00040133483277162156,3
planning,0.00040133483277162156,4
angry,0.00040133483277162156,3
cree,0.00040133483277162156,4
el,0.00040133483277162156,3
esh,0.00040133483277162156,3
wasn,0.00040133483277162156,3
offroad,0.00040133483277162156,3
leisure,0.00040133483277162156,3
open,0.00040133483277162156,5
4000,0.00040133483277162156,4
lamp,0.00040133483277162156,4
later,0.00040133483277162156,5
gave,0.00040133483277162156,5
tab,0.00040133483277162156,3
led,0.00040133483277162156,4
fashionable,0.00040133483277162156,3
official,0.00040133483277162156,5
asked,0.0003973766512249212,6
strange,0.0003973766512249212,3
ross,0.00039388445606146664,4
watched,0.00039388445606146664,4
emmerdale,0.00039388445606146664,15
neighbour,0.00039388445606146664,4
appears,0.00039388445606146664,5
unconfirmed,0.00039388445606146664,4
talk,0.00039077345020444606,4
hasn,0.00039077345020444606,3
vs,0.00039077345020444606,6
tough,0.00039077345020444606,12
short,0.00039077345020444606,5
sky,0.00039077345020444606,3
wait,0.00038797897775830415,3
needs,0.00038797897775830415,7
began,0.00037910338624041226,3
rescue,0.00037716102584931573,8
red,0.0003739244003913708,7
demolish,0.000365812855660307,6
stadium,0.00034721039570178853,3
specially,0.00034721039570178853,3
130,0.00034721039570178853,3
1980,0.00034721039570178853,3
modified,0.00034721039570178853,3
rapidly,0.0003422075847086659,3
desolation,0.000341611990264107,8
youngheroesid,0.0003414203380639224,3
dan,0.0003414203380639224,5
turn,0.0003414203380639224,3
lava,0.0003414203380639224,12
grace,0.0003412319620144277,3
arms,0.0003412319620144277,3
camp,0.0003412319620144277,6
night,0.0003412319620144277,8
paul,0.0003410467698279547,4
danger,0.00034086467281588235,9
twister,0.00034086467281588235,9
lots,0.00034086467281588235,3
blaze,0.00034086467281588235,7
mix,0.00033874428426312073,4
feat,0.00033874428426312073,4
shoes,0.0003385978560673551,12
used,0.0003385978560673551,7
19,0.0003322940354822065,4
tweet,0.00033194153573909337,5
lane,0.0003308501194020246,3
blocked,0.0003308501194020246,4
bro,0.0003280209649357757,3
offensive,0.0003279415288353776,6
quarantine,0.0003279415288353776,8
fun,0.0003279021701657394,15
funtenna,0.0003277470759702247,7
computers,0.0003277470759702247,9
data,0.0003277470759702247,10
sound,0.0003277470759702247,7
send,0.0003277470759702247,11
hat,0.0003277470759702247,8
cuz,0.0003083606104884339,3
nowplaying,0.0003083606104884339,46
dad,0.0003083606104884339,6
roads,0.0003083606104884339,5
trust,0.0003083606104884339,6
cream,0.0003083606104884339,3
careful,0.0003083606104884339,3
nice,0.0003083606104884339,7
ruin,0.0003083606104884339,8
dance,0.0003083606104884339,31
obliterate,0.0003083606104884339,7
character,0.0003083606104884339,5
obliterated,0.0003083606104884339,5
club,0.0003083606104884339,4
complete,0.0003083606104884339,3
check,0.0003083606104884339,8
collide,0.0003083606104884339,6
choice,0.0003083606104884339,3
class,0.0003083606104884339,4
obliteration,0.0003083606104884339,6
cold,0.0003083606104884339,13
daily,0.0003083606104884339,5
likely,0.0003083606104884339,5
blood,0.0003083606104884339,6
oh,0.0003083606104884339,4
art,0.0003083606104884339,23
aren,0.0003083606104884339,3
apply,0.0003083606104884339,3
worlds,0.0003083606104884339,3
apocalypse,0.0003083606104884339,7
wouldn,0.0003083606104884339,3
releases,0.0003083606104884339,5
wounds,0.0003083606104884339,3
pretty,0.0003083606104884339,4
prevent,0.0003083606104884339,4
album,0.0003083606104884339,3
wrong,0.0003083606104884339,4
ain,0.0003083606104884339,5
ww1,0.0003083606104884339,3
wwi,0.0003083606104884339,3
progress,0.0003083606104884339,3
yeah,0.0003083606104884339,6
aftershock,0.0003083606104884339,5
access,0.0003083606104884339,3
yo,0.0003083606104884339,4
providence,0.0003083606104884339,3
zombie,0.0003083606104884339,4
90,0.0003083606104884339,3
320,0.0003083606104884339,3
ramag,0.0003083606104884339,27
14,0.0003083606104884339,3
arianagrande,0.0003083606104884339,3
womens,0.0003083606104884339,12
cake,0.0003083606104884339,3
republicans,0.0003083606104884339,12
buy,0.0003083606104884339,5
butter,0.0003083606104884339,4
original,0.0003083606104884339,4
bruh,0.0003083606104884339,3
warcraft,0.0003083606104884339,11
brought,0.0003083606104884339,3
broken,0.0003083606104884339,3
broke,0.0003083606104884339,7
panic,0.0003083606104884339,13
block,0.0003083606104884339,3
blight,0.0003083606104884339,8
blew,0.0003083606104884339,11
pay,0.0003083606104884339,5
peanut,0.0003083606104884339,4
biggest,0.0003083606104884339,5
person,0.0003083606104884339,7
better,0.0003083606104884339,11
beginning,0.0003083606104884339,3
pick,0.0003083606104884339,4
ball,0.0003083606104884339,5
bags,0.0003083606104884339,11
bag,0.0003083606104884339,12
window,0.0003083606104884339,3
bad,0.0003083606104884339,6
awesome,0.0003083606104884339,6
trump,0.0003083606104884339,13
sarah,0.0003083606104884339,3
navy,0.0003083606104884339,3
step,0.0003083606104884339,3
ices,0.0003083606104884339,27
icemoon,0.0003083606104884339,3
lucky,0.0003083606104884339,4
ice,0.0003083606104884339,5
stands,0.0003083606104884339,3
mail,0.0003083606104884339,3
hurts,0.0003083606104884339,5
seriously,0.0003083606104884339,3
hop,0.0003083606104884339,3
hiring,0.0003083606104884339,19
hip,0.0003083606104884339,3
hilarious,0.0003083606104884339,4
sensor,0.0003083606104884339,8
heroes,0.0003083606104884339,3
impressed,0.0003083606104884339,3
senso,0.0003083606104884339,6
hero,0.0003083606104884339,5
sense,0.0003083606104884339,4
heavenly,0.0003083606104884339,3
heaven,0.0003083606104884339,3
haven,0.0003083606104884339,6
straight,0.0003083606104884339,4
makes,0.0003083606104884339,3
happy,0.0003083606104884339,4
hands,0.0003083606104884339,5
handbags,0.0003083606104884339,3
style,0.0003083606104884339,19
handbag,0.0003083606104884339,28
ignition,0.0003083606104884339,8
interesting,0.0003083606104884339,3
meat,0.0003083606104884339,3
joy,0.0003083606104884339,3
lets,0.0003083606104884339,3
shoulder,0.0003083606104884339,7
leather,0.0003083606104884339,7
lead,0.0003083606104884339,4
sign,0.0003083606104884339,4
singing,0.0003083606104884339,3
siren,0.0003083606104884339,4
knock,0.0003083606104884339,8
knew,0.0003083606104884339,3
kit,0.0003083606104884339,3
list,0.0003083606104884339,3
listening,0.0003083606104884339,3
lmfao,0.0003083606104884339,3
join,0.0003083606104884339,4
loving,0.0003083606104884339,3
jobs,0.0003083606104884339,36
jeb,0.0003083606104884339,5
somebody,0.0003083606104884339,4
son,0.0003083606104884339,5
song,0.0003083606104884339,9
sorry,0.0003083606104884339,8
jazz,0.0003083606104884339,11
soul,0.0003083606104884339,4
itunes,0.0003083606104884339,3
looking,0.0003083606104884339,6
ir,0.0003083606104884339,3
inundation,0.0003083606104884339,3
loved,0.0003083606104884339,5
mayhem,0.0003083606104884339,30
haha,0.0003083606104884339,3
deals,0.0003083606104884339,3
doing,0.0003083606104884339,7
edm,0.0003083606104884339,28
editor,0.0003083606104884339,3
ebay,0.0003083606104884339,12
models,0.0003083606104884339,27
dubstep,0.0003083606104884339,27
driving,0.0003083606104884339,5
mom,0.0003083606104884339,13
drink,0.0003083606104884339,3
tongue,0.0003083606104884339,4
moments,0.0003083606104884339,3
took,0.0003083606104884339,4
dorret,0.0003083606104884339,3
saturday,0.0003083606104884339,3
tote,0.0003083606104884339,3
emotional,0.0003083606104884339,3
doesn,0.0003083606104884339,5
dnb,0.0003083606104884339,27
djicemoon,0.0003083606104884339,3
disney,0.0003083606104884339,3
dirt,0.0003083606104884339,4
didn,0.0003083606104884339,5
moved,0.0003083606104884339,3
diamondkesawn,0.0003083606104884339,3
trapmusic,0.0003083606104884339,27
sale,0.0003083606104884339,12
desire,0.0003083606104884339,4
mtvhottest,0.0003083606104884339,19
music,0.0003083606104884339,15
electrocute,0.0003083606104884339,6
epicentre,0.0003083606104884339,4
guide,0.0003083606104884339,5
fuckin,0.0003083606104884339,3
summerfate,0.0003083606104884339,27
sun,0.0003083606104884339,11
guess,0.0003083606104884339,3
ground,0.0003083606104884339,3
super,0.0003083606104884339,4
survive,0.0003083606104884339,8
gov,0.0003083606104884339,3
gm,0.0003083606104884339,3
glass,0.0003083606104884339,4
getting,0.0003083606104884339,4
men,0.0003083606104884339,6
mido,0.0003083606104884339,3
funny,0.0003083606104884339,5
friend,0.0003083606104884339,3
fail,0.0003083606104884339,4
floor,0.0003083606104884339,4
screen,0.0003083606104884339,4
finnish,0.0003083606104884339,3
fingers,0.0003083606104884339,3
finally,0.0003083606104884339,4
fell,0.0003083606104884339,3
feet,0.0003083606104884339,5
screaming,0.0003083606104884339,13
mikeparractor,0.0003083606104884339,3
faux,0.0003083606104884339,3
scared,0.0003083606104884339,3
fantastic,0.0003083606104884339,3
mode,0.0003083606104884339,4
raynbowaffair,0.0003083606104884339,3
